{"stats":{"minecraft:picked_up":{"minecraft:birch_sapling":2},"minecraft:custom":{"minecraft:jump":72,"minecraft:open_chest":1,"minecraft:time_since_rest":26743,"minecraft:walk_on_water_one_cm":250,"minecraft:deaths":1,"minecraft:sprint_one_cm":4168,"minecraft:play_time":37006,"minecraft:damage_taken":300,"minecraft:time_since_death":4300,"minecraft:walk_one_cm":4120,"minecraft:total_world_time":37006,"minecraft:walk_under_water_one_cm":1596,"minecraft:drop":2,"minecraft:fall_one_cm":2448,"minecraft:fly_one_cm":50108},"minecraft:dropped":{"minecraft:birch_sapling":2},"minecraft:mined":{"minecraft:birch_leaves":1},"minecraft:killed_by":{"minecraft:zombie":1}},"DataVersion":3953}