{"stats":{"minecraft:picked_up":{"minecraft:wheat_seeds":4},"minecraft:mined":{"minecraft:tall_grass":1,"minecraft:short_grass":19,"minecraft:fire":1},"minecraft:custom":{"minecraft:jump":269,"minecraft:time_since_rest":12096,"minecraft:leave_game":1,"minecraft:damage_dealt":113,"minecraft:walk_on_water_one_cm":754,"minecraft:deaths":2,"minecraft:sprint_one_cm":19717,"minecraft:play_time":16838,"minecraft:damage_taken":450,"minecraft:time_since_death":12068,"minecraft:walk_one_cm":13223,"minecraft:sneak_time":3,"minecraft:total_world_time":16838,"minecraft:walk_under_water_one_cm":2309,"minecraft:mob_kills":1,"minecraft:drop":4,"minecraft:fall_one_cm":5610,"minecraft:fly_one_cm":68341},"minecraft:dropped":{"minecraft:wheat_seeds":4}},"DataVersion":3953}